154700,
76000,Boone County
92100,Hamilton County
92200,Hamilton County
92300,Hamilton County
92301,Hamilton County
92302,Hamilton County
92400,Hamilton County
76200,Hamilton County
88802,Hamilton County
88801,Hamilton County
92303,Hamilton County
88800,Hamilton County
77500,Hamilton County
77300,Hamilton County
91900,Hamilton County
92000,Hamilton County
75900,Boone County
76100,Boone County
78000,Hamilton County
77400,Hamilton County
88803,Hamilton County
88804,Hamilton County
77405,Hamilton County
77402,Hamilton County
77401,Hamilton County
88700,Hamilton County
76400,Hamilton County
76300,Hamilton County
90600,Hamilton County
88100,Hamilton County
87800,Hamilton County
86301,Hamilton County
86300,Hamilton County
87100,Hamilton County
87000,Hamilton County
77900,Hamilton County
84900,Hamilton County
76500,Hamilton County
86605,Hamilton County
86704,Hamilton County
86707,Hamilton County
88500,Hamilton County
88601,Hamilton County
88502,Hamilton County
86700,Hamilton County
76606,Hamilton County
76605,Hamilton County
88401,Hamilton County
76801,Hamilton County
76802,Hamilton County
76800,Hamilton County
88400,Hamilton County
76701,Hamilton County
76702,Hamilton County
76700,Hamilton County
86706,Hamilton County
76602,Hamilton County
76604,Hamilton County
88402,Hamilton County
76603,Hamilton County
76601,Hamilton County
87600,Hamilton County
76600,Hamilton County
90400,Hamilton County
87602,Hamilton County
86705,Hamilton County
86703,Hamilton County
86701,Hamilton County
86604,Hamilton County
86702,Hamilton County
86607,Hamilton County
86600,Hamilton County
86602,Hamilton County
87700,Hamilton County
86606,Hamilton County
87900,Hamilton County
88600,Hamilton County
88001,Hamilton County
88000,Hamilton County
86403,Hamilton County
86501,Hamilton County
86400,Hamilton County
86402,Hamilton County
86401,Hamilton County
86002,Hamilton County
86001,Hamilton County
88200,Hamilton County
89401,Hamilton County
76900,Hamilton County
76901,Hamilton County
77000,Hamilton County
89403,Hamilton County
89402,Hamilton County
77213,Hamilton County
89400,Hamilton County
77214,Hamilton County
77216,Hamilton County
77215,Hamilton County
77201,Hamilton County
77210,Hamilton County
77207,Hamilton County
77208,Hamilton County
87500,Hamilton County
77200,Hamilton County
78700,Hamilton County
78706,Hamilton County
87401,Hamilton County
89501,Hamilton County
77100,Hamilton County
77103,Hamilton County
77102,Hamilton County
77101,Hamilton County
78809,Hamilton County
78806,Hamilton County
78802,Hamilton County
78800,Hamilton County
77204,Hamilton County
93502,Hamilton County
78804,Hamilton County
78807,Hamilton County
77212,Hamilton County
77202,Hamilton County
93508,Hamilton County
78702,Hamilton County
78703,Hamilton County
78803,Hamilton County
78805,Hamilton County
77205,Hamilton County
77211,Hamilton County
93505,Hamilton County
93705,Hamilton County
79800,Hamilton County
77206,Hamilton County
93704,Hamilton County
93700,Hamilton County
78701,Hamilton County
79700,Hamilton County
86800,Hamilton County
78600,Hamilton County
93400,Hamilton County
93601,Hamilton County
78808,Hamilton County
93401,Hamilton County
93406,Hamilton County
93402,Hamilton County
89502,Hamilton County
67000,Marion County
93600,Hamilton County
93405,Hamilton County
117200,Hancock County
93603,Hamilton County
89700,Hamilton County
93300,Hamilton County
113900,Hancock County
113903,Hancock County
93512,Hamilton County
89503,Hamilton County
89600,Hamilton County
93201,Hamilton County
113901,Hancock County
114001,Hancock County
113801,Hancock County
93509,Hamilton County
89504,Hamilton County
89500,Hamilton County
93100,Hamilton County
93000,Hamilton County
93200,Hamilton County
113902,Hancock County
114002,Hancock County
114300,Hancock County
93503,Hamilton County
89800,Hamilton County
92900,Hamilton County
104700,Madison County
117100,Hancock County
117000,Hancock County
113300,Hancock County
114003,Hancock County
113500,Hancock County
113200,Hancock County
93510,Hamilton County
92800,Hamilton County
104500,Madison County
104800,Madison County
104801,Madison County
116900,Hancock County
115400,Hancock County
113600,Hancock County
115300,Hancock County
113400,Hancock County
115000,Hancock County
114700,Hancock County
93504,Hamilton County
115200,Hancock County
114400,Hancock County
115100,Hancock County
114500,Hancock County
114800,Hancock County
114900,Hancock County
114600,Hancock County
107000,Hancock County
114200,Hancock County
115500,Hancock County
106700,Hancock County
106400,Hancock County
106500,Hancock County
106900,Hancock County
113100,Hancock County
106600,Hancock County
116700,Hancock County
116600,Hancock County
116500,Hancock County
116400,Hancock County
116000,Hancock County
106800,Hancock County
115900,Hancock County
106300,Hancock County
117500,Hancock County
113700,Hancock County
113800,Hancock County
116701,Hancock County
104901,Madison County
105001,Madison County
105100,Madison County
116300,Hancock County
116100,Hancock County
97801,Madison County
105200,Madison County
100000,Madison County
116200,Hancock County
105400,Madison County
105300,Madison County
100100,Madison County
100200,Madison County
100700,Madison County
101000,Madison County
100900,Madison County
97100,Madison County
95400,Madison County
138400,Hendricks County
141400,Hendricks County
150400,Hendricks County
150300,Hendricks County
150200,Hendricks County
150100,Hendricks County
137200,Morgan County
137300,Morgan County
138500,Hendricks County
141200,Hendricks County
141300,Hendricks County
141000,Hendricks County
140900,Hendricks County
140800,Hendricks County
140100,Hendricks County
141500,Hendricks County
138600,Hendricks County
150500,Hendricks County
138700,Hendricks County
150600,Hendricks County
141800,Hendricks County
69400,Boone County
141900,Hendricks County
141700,Hendricks County
141600,Hendricks County
141100,Hendricks County
139900,Hendricks County
149900,Hendricks County
138800,Hendricks County
140400,Hendricks County
142000,Hendricks County
142100,Hendricks County
140500,Hendricks County
140300,Hendricks County
145400,Hendricks County
142200,Hendricks County
131800,Morgan County
150000,Hendricks County
144400,Hendricks County
144500,Hendricks County
144700,Hendricks County
143000,Hendricks County
144300,Hendricks County
145000,Hendricks County
145300,Hendricks County
140200,Hendricks County
145500,Hendricks County
140600,Hendricks County
139800,Hendricks County
138900,Hendricks County
146000,Hendricks County
145200,Hendricks County
145100,Hendricks County
145800,Hendricks County
145900,Hendricks County
145700,Hendricks County
142300,Hendricks County
143100,Hendricks County
139000,Hendricks County
146100,Hendricks County
146200,Hendricks County
142500,Hendricks County
142400,Hendricks County
142600,Hendricks County
147300,Hendricks County
143902,Hendricks County
143800,Hendricks County
139001,Hendricks County
146300,Hendricks County
146400,Hendricks County
146401,Hendricks County
142800,Hendricks County
142900,Hendricks County
148000,Hendricks County
147800,Hendricks County
139101,Hendricks County
139100,Hendricks County
149500,Hendricks County
139200,Hendricks County
149000,Hendricks County
149200,Hendricks County
149100,Hendricks County
151100,Hendricks County
148400,Hendricks County
151000,Hendricks County
69800,Boone County
69900,Boone County
148500,Hendricks County
150900,Hendricks County
69700,Boone County
71900,Boone County
75100,Boone County
150800,Hendricks County
69600,Boone County
70100,Boone County
71500,Boone County
71800,Boone County
75200,Boone County
75300,Boone County
139202,Hendricks County
139300,Hendricks County
148800,Hendricks County
139301,Hendricks County
139201,Hendricks County
139401,Hendricks County
146301,Hendricks County
149202,Hendricks County
14804,Hendricks County
148200,Hendricks County
148001,Hendricks County
147900,Hendricks County
65300,Marion County
65203,Marion County
147100,Hendricks County
139400,Hendricks County
65200,Marion County
147400,Hendricks County
65100,Marion County
142700,Hendricks County
139500,Hendricks County
148901,Hendricks County
148900,Hendricks County
148600,Hendricks County
149401,Hendricks County
149400,Hendricks County
149300,Hendricks County
148700,Hendricks County
151200,Hendricks County
151300,Hendricks County
139501,Hendricks County
139600,Hendricks County
149800,Hendricks County
139700,Hendricks County
65500,Marion County
149901,Hendricks County
149600,Hendricks County
65600,Marion County
149700,Hendricks County
151400,Hendricks County
144600,Hendricks County
144100,Hendricks County
131900,Morgan County
131100,Morgan County
119700,Shelby County
119800,Shelby County
120100,Shelby County
117900,Shelby County
119100,Shelby County
119500,Shelby County
118100,Shelby County
121500,Shelby County
117600,Shelby County
117700,Shelby County
119200,Shelby County
121900,Shelby County
119900,Shelby County
119000,Shelby County
119400,Shelby County
121800,Shelby County
119300,Shelby County
130600,Johnson County
122000,Shelby County
129200,Johnson County
129100,Johnson County
129300,Johnson County
121700,Shelby County
123200,Johnson County
130500,Johnson County
122100,Shelby County
118600,Shelby County
118201,Shelby County
118801,Shelby County
120000,Shelby County
118200,Shelby County
121400,Shelby County
118800,Shelby County
120001,Shelby County
120700,Shelby County
121300,Shelby County
118900,Shelby County
119901,Shelby County
120600,Shelby County
122900,Shelby County
123000,Shelby County
118400,Shelby County
118500,Shelby County
119801,Shelby County
119702,Shelby County
118000,Shelby County
121600,Shelby County
123300,Johnson County
126800,Johnson County
110800,Hancock County
107800,Hancock County
111000,Hancock County
108000,Hancock County
122800,Shelby County
122700,Shelby County
121000,Shelby County
121201,Shelby County
121200,Shelby County
121100,Shelby County
107200,Hancock County
108400,Hancock County
123100,Shelby County
122200,Shelby County
120802,Shelby County
120800,Shelby County
120803,Shelby County
130200,Johnson County
130100,Johnson County
130000,Johnson County
122300,Shelby County
120900,Shelby County
122500,Shelby County
122602,Shelby County
122600,Shelby County
107700,Hancock County
108200,Hancock County
108100,Hancock County
111100,Hancock County
107300,Hancock County
111500,Hancock County
112600,Hancock County
115700,Hancock County
130300,Johnson County
119703,Shelby County
119802,Shelby County
130400,Johnson County
25502,Marion County
25500,Marion County
26100,Marion County
25800,Marion County
25600,Marion County
26000,Marion County
25900,Marion County
25601,Marion County
25602,Marion County
25702,Marion County
25700,Marion County
25603,Marion County
25303,Marion County
3902,Marion County
26200,Marion County
3801,Marion County
25302,Marion County
6700,Marion County
3800,Marion County
4200,Marion County
25301,Marion County
200,Marion County
3901,Marion County
3900,Marion County
26201,Marion County
6601,Marion County
4100,Marion County
56700,Marion County
300,Marion County
58600,Marion County
59203,Marion County
58900,Marion County
58700,Marion County
59201,Marion County
58901,Marion County
59000,Marion County
59101,Marion County
59100,Marion County
59500,Marion County
59204,Marion County
59001,Marion County
58400,Marion County
58500,Marion County
59300,Marion County
59301,Marion County
58801,Marion County
58800,Marion County
56102,Marion County
59002,Marion County
58402,Marion County
58401,Marion County
58403,Marion County
25400,Marion County
6501,Marion County
6600,Marion County
4000,Marion County
56300,Marion County
55900,Marion County
56000,Marion County
56103,Marion County
56201,Marion County
65903,Marion County
100,Marion County
900,Marion County
26500,Marion County
59400,Marion County
57500,Marion County
57501,Marion County
301,Marion County
57600,Marion County
59800,Marion County
25304,Marion County
61000,Marion County
20901,Marion County
57900,Marion County
58000,Marion County
20701,Marion County
25703,Marion County
57800,Marion County
57802,Marion County
57901,Marion County
57902,Marion County
66300,Marion County
20500,Marion County
25701,Marion County
57801,Marion County
66102,Marion County
66201,Marion County
66202,Marion County
66200,Marion County
94300,Hamilton County
21200,Marion County
9401,Marion County
6300,Marion County
9400,Marion County
6401,Marion County
6500,Marion County
9503,Marion County
9502,Marion County
9500,Marion County
10003,Marion County
9301,Marion County
9501,Marion County
6200,Marion County
26102,Marion County
56100,Marion County
56101,Marion County
56203,Marion County
65902,Marion County
72602,Boone County
91101,Hamilton County
400,Marion County
500,Marion County
60702,Marion County
60700,Marion County
42500,Marion County
42700,Marion County
4600,Marion County
4500,Marion County
60900,Marion County
4401,Marion County
60500,Marion County
60704,Marion County
4700,Marion County
60800,Marion County
60600,Marion County
60701,Marion County
60703,Marion County
4300,Marion County
60400,Marion County
60002,Marion County
4800,Marion County
603,Marion County
600,Marion County
61103,Marion County
601,Marion County
44502,Marion County
602,Marion County
61100,Marion County
61102,Marion County
56800,Marion County
44501,Marion County
44500,Marion County
61201,Marion County
61101,Marion County
61200,Marion County
56904,Marion County
706,Marion County
44400,Marion County
38700,Marion County
59600,Marion County
61301,Marion County
61300,Marion County
61302,Marion County
56900,Marion County
56903,Marion County
62902,Marion County
701,Marion County
707,Marion County
11903,Marion County
42400,Marion County
59700,Marion County
61304,Marion County
60302,Marion County
61400,Marion County
57003,Marion County
57005,Marion County
62403,Marion County
62900,Marion County
62904,Marion County
705,Marion County
704,Marion County
708,Marion County
700,Marion County
11902,Marion County
42600,Marion County
59704,Marion County
59701,Marion County
60001,Marion County
60201,Marion County
60200,Marion County
61305,Marion County
61303,Marion County
57001,Marion County
57002,Marion County
57000,Marion County
63000,Marion County
62404,Marion County
62405,Marion County
62901,Marion County
62903,Marion County
709,Marion County
62800,Marion County
1100,Marion County
42000,Marion County
59703,Marion County
60003,Marion County
60000,Marion County
60202,Marion County
61202,Marion County
60301,Marion County
57006,Marion County
57100,Marion County
63001,Marion County
62402,Marion County
62400,Marion County
62500,Marion County
61900,Marion County
61800,Marion County
1300,Marion County
41700,Marion County
61901,Marion County
63200,Marion County
4402,Marion County
4400,Marion County
59900,Marion County
604,Marion County
60304,Marion County
60303,Marion County
60300,Marion County
57101,Marion County
57200,Marion County
61702,Marion County
62600,Marion County
62602,Marion County
62001,Marion County
62601,Marion County
62103,Marion County
62100,Marion County
62702,Marion County
62700,Marion County
62101,Marion County
62104,Marion County
62102,Marion County
62000,Marion County
63300,Marion County
62200,Marion County
63400,Marion County
62300,Marion County
66902,Marion County
63500,Marion County
2200,Marion County
63600,Marion County
1800,Marion County
2102,Marion County
2100,Marion County
1900,Marion County
66903,Marion County
2300,Marion County
64000,Marion County
2101,Marion County
64201,Marion County
2002,Marion County
2001,Marion County
63800,Marion County
64100,Marion County
64102,Marion County
64200,Marion County
67101,Marion County
67100,Marion County
703,Marion County
800,Marion County
58502,Marion County
66101,Marion County
66100,Marion County
94201,Hamilton County
114100,Hancock County
117301,Hancock County
117300,Hancock County
63901,Marion County
67200,Marion County
1000,Marion County
2000,Marion County
64101,Marion County
117400,Hancock County
63900,Marion County
1001,Marion County
1002,Marion County
67300,Marion County
55802,Marion County
67201,Marion County
67400,Marion County
55800,Marion County
67302,Marion County
110500,Hancock County
110700,Hancock County
1700,Marion County
110400,Hancock County
108500,Hancock County
108700,Hancock County
1701,Marion County
108800,Hancock County
111400,Hancock County
111200,Hancock County
108600,Hancock County
107600,Hancock County
107400,Hancock County
111300,Hancock County
111900,Hancock County
107500,Hancock County
107900,Hancock County
62201,Marion County
117401,Hancock County
1200,Marion County
1400,Marion County
1401,Marion County
1402,Marion County
55402,Marion County
55400,Marion County
47500,Marion County
47601,Marion County
55502,Marion County
55401,Marion County
47600,Marion County
1403,Marion County
1500,Marion County
55500,Marion County
55501,Marion County
54501,Marion County
1502,Marion County
1600,Marion County
54102,Marion County
1501,Marion County
54100,Marion County
54700,Marion County
1601,Marion County
54101,Marion County
54702,Marion County
54701,Marion County
54600,Marion County
54400,Marion County
3101,Marion County
3000,Marion County
2900,Marion County
67500,Marion County
67600,Marion County
110600,Hancock County
67703,Marion County
67700,Marion County
110000,Hancock County
110100,Hancock County
109000,Hancock County
109300,Hancock County
109400,Hancock County
109100,Hancock County
109200,Hancock County
67800,Marion County
111600,Hancock County
67900,Marion County
109800,Hancock County
110200,Hancock County
109500,Hancock County
109600,Hancock County
110900,Hancock County
108300,Hancock County
112400,Hancock County
112200,Hancock County
2400,Marion County
68000,Marion County
2500,Marion County
109900,Hancock County
2601,Marion County
67701,Marion County
2700,Marion County
67702,Marion County
2800,Marion County
3100,Marion County
2600,Marion County
48602,Marion County
55600,Marion County
55700,Marion County
54300,Marion County
3200,Marion County
129900,Johnson County
68400,Marion County
68300,Marion County
122400,Shelby County
68301,Marion County
68200,Marion County
122601,Shelby County
115600,Hancock County
110300,Hancock County
109700,Hancock County
3300,Marion County
3400,Marion County
3502,Marion County
63700,Marion County
12100,Marion County
3600,Marion County
68100,Marion County
3700,Marion County
53900,Marion County
65400,Marion County
9302,Marion County
9303,Marion County
9300,Marion County
9200,Marion County
10002,Marion County
10001,Marion County
9900,Marion County
9901,Marion County
9402,Marion County
9404,Marion County
65402,Marion County
65501,Marion County
22402,Marion County
401,Marion County
22400,Marion County
22401,Marion County
22403,Marion County
26501,Marion County
20900,Marion County
26502,Marion County
20700,Marion County
21600,Marion County
21601,Marion County
20800,Marion County
37900,Marion County
20702,Marion County
90200,Hamilton County
92700,Hamilton County
97700,Madison County
104803,Madison County
104802,Madison County
116800,Hancock County
112300,Hancock County
131600,Morgan County
131500,Morgan County
137400,Morgan County
131400,Morgan County
137500,Morgan County
134200,Morgan County
130900,Morgan County
131200,Morgan County
133200,Morgan County
130700,Morgan County
131000,Morgan County
132802,Morgan County
131300,Morgan County
130800,Morgan County
133800,Morgan County
133801,Morgan County
137800,Morgan County
137700,Morgan County
137600,Morgan County
140000,Hendricks County
143300,Hendricks County
144200,Hendricks County
137100,Morgan County
140700,Hendricks County
145600,Hendricks County
134400,Morgan County
133400,Morgan County
137900,Morgan County
138000,Morgan County
137903,Morgan County
129500,Johnson County
137902,Morgan County
137907,Morgan County
137801,Morgan County
129400,Johnson County
133803,Morgan County
137906,Morgan County
137901,Morgan County
137905,Morgan County
138100,Morgan County
154300,
154200,
157900,
154100,
154400,
154500,
125200,Johnson County
126700,Johnson County
125400,Johnson County
124900,Johnson County
125500,Johnson County
124301,Johnson County
123500,Johnson County
123400,Johnson County
123402,Johnson County
123401,Johnson County
125000,Johnson County
125305,Johnson County
125301,Johnson County
125304,Johnson County
126904,Johnson County
123502,Johnson County
123501,Johnson County
123504,Johnson County
123503,Johnson County
125306,Johnson County
125300,Johnson County
129601,Johnson County
129603,Johnson County
129600,Johnson County
138300,Morgan County
134500,Morgan County
134502,Morgan County
134600,Morgan County
133600,Morgan County
134501,Morgan County
138200,Morgan County
132803,Morgan County
138101,Morgan County
132804,Morgan County
138102,Morgan County
132901,Morgan County
132805,Morgan County
132800,Morgan County
134602,Morgan County
134601,Morgan County
132900,Morgan County
133500,Morgan County
133501,Morgan County
133900,Morgan County
123600,Johnson County
123700,Johnson County
138301,Morgan County
125600,Johnson County
125800,Johnson County
126600,Johnson County
129602,Johnson County
126400,Johnson County
125100,Johnson County
127500,Johnson County
125302,Johnson County
123601,Johnson County
123602,Johnson County
126200,Johnson County
123603,Johnson County
126100,Johnson County
125700,Johnson County
125701,Johnson County
125702,Johnson County
126300,Johnson County
125901,Johnson County
125303,Johnson County
125307,Johnson County
138001,Morgan County
126500,Johnson County
123800,Johnson County
123803,Johnson County
126000,Johnson County
123903,Johnson County
125900,Johnson County
136701,Morgan County
136700,Morgan County
125902,Johnson County
132500,Morgan County
125903,Johnson County
126001,Johnson County
124003,Johnson County
124800,Johnson County
124600,Johnson County
123900,Johnson County
123904,Johnson County
124000,Johnson County
124002,Johnson County
124001,Johnson County
126002,Johnson County
128401,Johnson County
128402,Johnson County
128403,Johnson County
128201,Johnson County
134300,Johnson County
128500,Johnson County
124700,Johnson County
124601,Johnson County
151500,Johnson County
124701,Johnson County
127401,Johnson County
124704,Johnson County
133000,Johnson County
124102,Johnson County
127400,Johnson County
127206,Johnson County
125308,Johnson County
124103,Johnson County
124101,Johnson County
127603,Johnson County
128900,Johnson County
124100,Johnson County
127602,Johnson County
127600,Johnson County
127203,Johnson County
127204,Johnson County
127205,Johnson County
124400,Johnson County
127800,Johnson County
124200,Johnson County
127002,Johnson County
128901,Johnson County
128800,Johnson County
44800,Marion County
129800,Johnson County
44900,Marion County
127000,Johnson County
127001,Johnson County
127200,Johnson County
127300,Johnson County
126901,Johnson County
126902,Johnson County
129002,Johnson County
129000,Johnson County
128100,Johnson County
128102,Johnson County
12502,Marion County
12500,Marion County
44700,Marion County
124300,Johnson County
127700,Johnson County
126900,Johnson County
126903,Johnson County
16003,Marion County
16002,Marion County
15900,Marion County
16001,Marion County
15800,Marion County
15901,Marion County
5100,Marion County
64300,Marion County
123901,Johnson County
15500,Marion County
15100,Marion County
128203,Johnson County
6800,Marion County
5000,Marion County
12700,Marion County
23400,Marion County
18201,Marion County
18102,Marion County
12402,Marion County
15501,Marion County
15502,Marion County
128204,Johnson County
123802,Johnson County
5200,Marion County
7500,Marion County
5300,Marion County
5400,Marion County
6900,Marion County
5500,Marion County
23600,Marion County
7400,Marion County
151700,Marion County
7900,Marion County
23500,Marion County
7300,Marion County
64500,Marion County
64600,Marion County
22801,Marion County
7200,Marion County
7000,Marion County
146900,Hendricks County
22800,Marion County
7100,Marion County
146500,Hendricks County
146600,Hendricks County
143700,Hendricks County
143600,Hendricks County
143400,Hendricks County
24300,Marion County
64400,Marion County
136000,Morgan County
136800,Morgan County
136900,Morgan County
135000,Morgan County
18301,Marion County
136600,Morgan County
131700,Morgan County
136300,Morgan County
136200,Morgan County
136100,Morgan County
137000,Morgan County
18200,Marion County
5501,Marion County
5601,Marion County
5600,Marion County
8802,Marion County
22900,Marion County
8804,Marion County
23700,Marion County
8801,Marion County
22600,Marion County
22700,Marion County
23300,Marion County
22500,Marion County
24301,Marion County
18300,Marion County
18101,Marion County
5700,Marion County
5900,Marion County
8302,Marion County
8300,Marion County
8800,Marion County
8803,Marion County
7901,Marion County
5801,Marion County
5800,Marion County
9000,Marion County
5802,Marion County
9001,Marion County
23800,Marion County
9002,Marion County
8401,Marion County
23900,Marion County
8100,Marion County
24200,Marion County
23000,Marion County
22701,Marion County
25000,Marion County
6000,Marion County
8900,Marion County
8600,Marion County
8500,Marion County
8703,Marion County
7801,Marion County
7700,Marion County
7600,Marion County
8702,Marion County
8704,Marion County
7601,Marion County
9600,Marion County
8700,Marion County
65000,Marion County
65202,Marion County
7800,Marion County
9700,Marion County
9100,Marion County
9601,Marion County
9201,Marion County
64901,Marion County
64900,Marion County
65102,Marion County
9800,Marion County
65101,Marion County
148100,Hendricks County
6100,Marion County
6101,Marion County
24100,Marion County
24005,Marion County
24001,Marion County
24003,Marion County
23001,Marion County
25101,Marion County
24901,Marion County
24700,Marion County
9701,Marion County
6201,Marion County
9403,Marion County
6202,Marion County
21701,Marion County
21401,Marion County
21700,Marion County
24004,Marion County
24000,Marion County
23101,Marion County
23002,Marion County
24800,Marion County
15802,Marion County
15801,Marion County
132000,Morgan County
132100,Morgan County
133300,Morgan County
133100,Morgan County
134700,Morgan County
132200,Morgan County
132400,Morgan County
132300,Morgan County
134900,Morgan County
136500,Morgan County
132700,Morgan County
133700,Morgan County
133802,Morgan County
134102,Morgan County
134101,Morgan County
137904,Morgan County
132806,Morgan County
133701,Morgan County
132801,Morgan County
134000,Morgan County
134100,Morgan County
154600,
147200,Hendricks County
147700,Hendricks County
143900,Hendricks County
143901,Hendricks County
144902,Hendricks County
135400,Morgan County
135500,Morgan County
146700,Hendricks County
143501,Hendricks County
143500,Hendricks County
144900,Hendricks County
144801,Hendricks County
144800,Hendricks County
144000,Hendricks County
147000,Hendricks County
146800,Hendricks County
147500,Hendricks County
147501,Hendricks County
147502,Hendricks County
147302,Hendricks County
64702,Marion County
147301,Hendricks County
64700,Marion County
143200,Hendricks County
143201,Hendricks County
143502,Hendricks County
144901,Hendricks County
135900,Morgan County
135700,Morgan County
135600,Morgan County
135100,Morgan County
135300,Morgan County
135200,Morgan County
135800,Morgan County
136400,Morgan County
147600,Hendricks County
64800,Marion County
64802,Marion County
64803,Marion County
8001,Marion County
64701,Marion County
8200,Marion County
8201,Marion County
8003,Marion County
8002,Marion County
64801,Marion County
7802,Marion County
65201,Marion County
148300,Hendricks County
65401,Marion County
8400,Marion County
8000,Marion County
8701,Marion County
8301,Marion County
9902,Marion County
10000,Marion County
6400,Marion County
127103,Johnson County
127102,Johnson County
127100,Johnson County
127105,Johnson County
127101,Johnson County
127104,Johnson County
127501,Johnson County
127601,Johnson County
127201,Johnson County
127202,Johnson County
128903,Johnson County
124703,Johnson County
129001,Johnson County
124702,Johnson County
128104,Johnson County
128902,Johnson County
128103,Johnson County
128106,Johnson County
128101,Johnson County
12503,Marion County
12504,Marion County
127900,Johnson County
127901,Johnson County
128000,Johnson County
128001,Johnson County
15400,Marion County
15401,Marion County
16201,Marion County
12501,Marion County
12603,Marion County
12602,Marion County
45500,Marion County
12604,Marion County
46001,Marion County
45000,Marion County
12601,Marion County
46000,Marion County
46900,Marion County
46200,Marion County
45100,Marion County
49502,Marion County
14801,Marion County
49500,Marion County
14803,Marion County
14800,Marion County
12000,Marion County
14700,Marion County
12001,Marion County
45800,Marion County
50800,Marion County
13400,Marion County
13300,Marion County
46500,Marion County
45900,Marion County
50500,Marion County
45401,Marion County
45400,Marion County
45700,Marion County
50700,Marion County
14600,Marion County
46300,Marion County
47100,Marion County
47101,Marion County
45300,Marion County
45600,Marion County
14500,Marion County
14702,Marion County
47102,Marion County
46701,Marion County
46700,Marion County
47000,Marion County
45200,Marion County
10100,Marion County
50600,Marion County
50200,Marion County
50400,Marion County
50202,Marion County
50401,Marion County
49302,Marion County
49303,Marion County
49501,Marion County
49300,Marion County
49400,Marion County
49600,Marion County
50901,Marion County
50900,Marion County
49700,Marion County
49702,Marion County
49701,Marion County
49504,Marion County
10200,Marion County
34900,Marion County
50300,Marion County
10400,Marion County
10401,Marion County
49301,Marion County
10301,Marion County
10504,Marion County
10501,Marion County
10601,Marion County
10600,Marion County
50903,Marion County
50902,Marion County
49800,Marion County
10700,Marion County
51201,Marion County
51200,Marion County
49902,Marion County
47800,Marion County
47700,Marion County
51300,Marion County
11001,Marion County
51000,Marion County
51100,Marion County
51101,Marion County
51001,Marion County
49901,Marion County
49900,Marion County
50001,Marion County
49903,Marion County
47900,Marion County
53300,Marion County
10302,Marion County
27600,Marion County
27500,Marion County
37000,Marion County
35102,Marion County
27400,Marion County
37101,Marion County
35001,Marion County
28302,Marion County
28300,Marion County
27200,Marion County
31200,Marion County
35800,Marion County
37100,Marion County
35000,Marion County
28301,Marion County
26800,Marion County
29300,Marion County
27100,Marion County
36100,Marion County
10500,Marion County
35400,Marion County
26702,Marion County
26700,Marion County
26601,Marion County
29100,Marion County
29200,Marion County
26900,Marion County
10702,Marion County
34800,Marion County
35200,Marion County
14100,Marion County
13901,Marion County
26701,Marion County
26600,Marion County
28900,Marion County
28800,Marion County
29000,Marion County
11000,Marion County
51500,Marion County
53700,Marion County
53400,Marion County
50000,Marion County
48203,Marion County
48000,Marion County
53800,Marion County
54000,Marion County
51401,Marion County
51301,Marion County
50100,Marion County
10800,Marion County
10901,Marion County
10801,Marion County
11100,Marion County
11101,Marion County
47300,Marion County
47400,Marion County
48100,Marion County
48101,Marion County
48201,Marion County
10701,Marion County
43000,Marion County
11400,Marion County
52401,Marion County
52400,Marion County
44000,Marion County
11500,Marion County
52501,Marion County
52500,Marion County
11301,Marion County
11501,Marion County
11401,Marion County
11502,Marion County
52600,Marion County
52000,Marion County
51900,Marion County
53100,Marion County
11600,Marion County
11300,Marion County
52800,Marion County
52700,Marion County
52100,Marion County
52801,Marion County
52201,Marion County
52202,Marion County
48900,Marion County
48800,Marion County
55000,Marion County
10900,Marion County
20000,Marion County
19900,Marion County
43400,Marion County
43401,Marion County
11203,Marion County
11202,Marion County
44001,Marion County
43102,Marion County
51600,Marion County
51705,Marion County
52303,Marion County
52200,Marion County
52203,Marion County
49000,Marion County
48700,Marion County
51700,Marion County
51701,Marion County
51706,Marion County
52304,Marion County
52306,Marion County
49100,Marion County
55200,Marion County
52302,Marion County
52300,Marion County
51704,Marion County
52301,Marion County
49201,Marion County
52305,Marion County
49202,Marion County
47603,Marion County
49203,Marion County
54500,Marion County
51703,Marion County
52901,Marion County
52900,Marion County
53000,Marion County
11802,Marion County
11900,Marion County
51803,Marion County
11700,Marion County
11801,Marion County
11803,Marion County
11702,Marion County
11800,Marion County
11701,Marion County
47701,Marion County
53601,Marion County
53200,Marion County
12201,Marion County
12200,Marion County
12300,Marion County
46800,Marion County
3500,Marion County
46600,Marion County
46601,Marion County
14703,Marion County
47200,Marion County
15209,Marion County
15208,Marion County
15207,Marion County
15206,Marion County
15200,Marion County
12400,Marion County
13601,Marion County
17400,Marion County
17401,Marion County
17301,Marion County
17100,Marion County
16401,Marion County
15202,Marion County
12401,Marion County
68604,Marion County
12600,Marion County
12800,Marion County
46100,Marion County
12900,Marion County
12803,Marion County
16701,Marion County
16700,Marion County
17700,Marion County
13000,Marion County
46400,Marion County
13100,Marion County
13200,Marion County
15203,Marion County
15201,Marion County
13701,Marion County
17300,Marion County
17500,Marion County
17200,Marion County
16501,Marion County
16500,Marion County
16400,Marion County
15702,Marion County
16402,Marion County
15204,Marion County
13800,Marion County
14000,Marion County
16900,Marion County
17801,Marion County
16800,Marion County
17800,Marion County
17701,Marion County
16602,Marion County
18000,Marion County
16703,Marion County
16601,Marion County
16600,Marion County
16702,Marion County
16300,Marion County
12804,Marion County
17601,Marion County
17600,Marion County
16200,Marion County
15703,Marion County
13902,Marion County
17900,Marion County
14200,Marion County
14300,Marion County
14400,Marion County
12801,Marion County
12802,Marion County
16203,Marion County
16202,Marion County
14101,Marion County
35300,Marion County
14701,Marion County
14802,Marion County
53500,Marion County
14900,Marion County
51800,Marion County
51802,Marion County
47604,Marion County
128200,Johnson County
123801,Johnson County
128300,Johnson County
128301,Johnson County
128306,Johnson County
128305,Johnson County
128307,Johnson County
128202,Johnson County
128404,Johnson County
128400,Johnson County
128302,Johnson County
128303,Johnson County
68500,Marion County
15300,Marion County
128700,Johnson County
128600,Johnson County
151600,Johnson County
68605,Marion County
15803,Marion County
15210,Marion County
68603,Marion County
68600,Marion County
68502,Marion County
15205,Marion County
68602,Marion County
68601,Marion County
68501,Marion County
15601,Marion County
15600,Marion County
16100,Marion County
68503,Marion County
128304,Johnson County
68504,Marion County
15700,Marion County
17000,Marion County
15701,Marion County
15602,Marion County
16901,Marion County
13700,Marion County
13600,Marion County
18100,Marion County
18401,Marion County
18400,Marion County
26901,Marion County
29401,Marion County
29501,Marion County
21101,Marion County
21100,Marion County
18500,Marion County
29700,Marion County
29701,Marion County
30600,Marion County
29600,Marion County
32100,Marion County
29500,Marion County
29400,Marion County
31900,Marion County
32000,Marion County
31800,Marion County
31700,Marion County
29900,Marion County
30901,Marion County
30900,Marion County
18701,Marion County
18600,Marion County
18800,Marion County
24902,Marion County
18700,Marion County
24600,Marion County
19000,Marion County
30800,Marion County
30902,Marion County
29901,Marion County
33900,Marion County
31600,Marion County
30100,Marion County
18900,Marion County
21500,Marion County
21800,Marion County
22000,Marion County
21501,Marion County
25503,Marion County
31000,Marion County
20400,Marion County
21000,Marion County
21400,Marion County
25501,Marion County
31100,Marion County
21001,Marion County
30300,Marion County
23200,Marion County
29800,Marion County
23100,Marion County
26101,Marion County
33200,Marion County
25202,Marion County
33300,Marion County
31400,Marion County
30000,Marion County
31500,Marion County
34200,Marion County
33700,Marion County
19100,Marion County
22200,Marion County
31101,Marion County
30500,Marion County
33100,Marion County
34100,Marion County
34000,Marion County
33600,Marion County
37600,Marion County
43201,Marion County
43200,Marion County
43100,Marion County
43101,Marion County
11200,Marion County
11201,Marion County
43402,Marion County
19600,Marion County
19200,Marion County
19500,Marion County
28400,Marion County
22100,Marion County
38800,Marion County
36800,Marion County
28700,Marion County
32900,Marion County
19601,Marion County
36700,Marion County
28600,Marion County
34700,Marion County
43500,Marion County
36300,Marion County
28501,Marion County
28200,Marion County
28100,Marion County
43600,Marion County
36200,Marion County
37200,Marion County
36102,Marion County
35901,Marion County
28500,Marion County
35900,Marion County
27800,Marion County
32200,Marion County
27700,Marion County
42901,Marion County
42900,Marion County
19700,Marion County
37400,Marion County
36101,Marion County
36000,Marion County
35902,Marion County
36001,Marion County
36600,Marion County
36400,Marion County
27900,Marion County
31300,Marion County
43300,Marion County
19800,Marion County
35700,Marion County
36500,Marion County
28000,Marion County
43800,Marion County
20200,Marion County
32700,Marion County
32500,Marion County
34500,Marion County
34600,Marion County
34300,Marion County
33400,Marion County
32600,Marion County
33500,Marion County
19300,Marion County
19400,Marion County
32400,Marion County
44200,Marion County
44300,Marion County
44301,Marion County
20300,Marion County
40201,Marion County
40801,Marion County
40800,Marion County
40900,Marion County
20600,Marion County
21201,Marion County
21801,Marion County
39000,Marion County
37901,Marion County
40100,Marion County
39500,Marion County
38900,Marion County
39200,Marion County
39400,Marion County
39100,Marion County
24503,Marion County
24502,Marion County
24900,Marion County
25201,Marion County
24802,Marion County
25100,Marion County
24801,Marion County
21300,Marion County
24601,Marion County
24501,Marion County
24400,Marion County
21901,Marion County
27300,Marion County
27000,Marion County
22300,Marion County
24002,Marion County
22901,Marion County
5401,Marion County
5402,Marion County
6001,Marion County
23801,Marion County
25200,Marion County
24500,Marion County
25300,Marion County
20100,Marion County
13900,Marion County
13801,Marion County
35500,Marion County
32300,Marion County
30200,Marion County
30700,Marion County
21900,Marion County
30501,Marion County
32800,Marion County
33000,Marion County
33800,Marion County
34400,Marion County
35100,Marion County
35101,Marion County
10300,Marion County
35600,Marion County
36103,Marion County
36900,Marion County
10503,Marion County
10502,Marion County
37300,Marion County
37700,Marion County
43700,Marion County
37800,Marion County
37500,Marion County
38300,Marion County
38400,Marion County
41500,Marion County
38500,Marion County
44600,Marion County
44100,Marion County
38200,Marion County
42100,Marion County
38600,Marion County
11901,Marion County
41300,Marion County
38100,Marion County
42300,Marion County
40000,Marion County
41200,Marion County
42200,Marion County
39101,Marion County
38000,Marion County
41800,Marion County
41600,Marion County
40400,Marion County
39700,Marion County
39600,Marion County
40700,Marion County
40300,Marion County
39201,Marion County
40500,Marion County
39102,Marion County
40701,Marion County
40501,Marion County
40601,Marion County
39300,Marion County
39401,Marion County
39800,Marion County
39900,Marion County
40200,Marion County
40600,Marion County
41000,Marion County
41100,Marion County
41400,Marion County
41900,Marion County
402,Marion County
43301,Marion County
43900,Marion County
44302,Marion County
702,Marion County
128105,Johnson County
3501,Marion County
48501,Marion County
53501,Marion County
3102,Marion County
48504,Marion County
48600,Marion County
54200,Marion County
48601,Marion County
55100,Marion County
53801,Marion County
53802,Marion County
48502,Marion County
48503,Marion County
48500,Marion County
54900,Marion County
54800,Marion County
48200,Marion County
54502,Marion County
48204,Marion County
48205,Marion County
48300,Marion County
48400,Marion County
49503,Marion County
50201,Marion County
51400,Marion County
50101,Marion County
48202,Marion County
49101,Marion County
51801,Marion County
52902,Marion County
51702,Marion County
47602,Marion County
49200,Marion County
53600,Marion County
55300,Marion County
55503,Marion County
55801,Marion County
69500,Boone County
69300,Boone County
69200,Boone County
150700,Hendricks County
70300,Boone County
69100,Boone County
70200,Boone County
71400,Boone County
70400,Boone County
70800,Boone County
70900,Boone County
69000,Boone County
70500,Boone County
70700,Boone County
68800,Boone County
68900,Boone County
68700,Boone County
70600,Boone County
71000,Boone County
71100,Boone County
71200,Boone County
154800,
154900,
155000,
157800,
155100,
155200,
157700,
72100,Boone County
72000,Boone County
73500,Boone County
73400,Boone County
70000,Boone County
73600,Boone County
73700,Boone County
72301,Boone County
73300,Boone County
75000,Boone County
72300,Boone County
73200,Boone County
74100,Boone County
73800,Boone County
74000,Boone County
74900,Boone County
73900,Boone County
74800,Boone County
72500,Boone County
72700,Boone County
73100,Boone County
75800,Boone County
75400,Boone County
75500,Boone County
75700,Boone County
72600,Boone County
72900,Boone County
72800,Boone County
74501,Boone County
73000,Boone County
74300,Boone County
74301,Boone County
74500,Boone County
91301,Hamilton County
74200,Boone County
74400,Boone County
74502,Boone County
91400,Hamilton County
74600,Boone County
74700,Boone County
72603,Boone County
72401,Boone County
65701,Marion County
72200,Boone County
72400,Boone County
65700,Marion County
72201,Boone County
71600,Boone County
75600,Boone County
81800,Hamilton County
83200,Hamilton County
91800,Hamilton County
77403,Hamilton County
85000,Hamilton County
82100,Hamilton County
56600,Marion County
56200,Marion County
65901,Marion County
65800,Marion County
65900,Marion County
91201,Hamilton County
65702,Marion County
56202,Marion County
149201,Hendricks County
71700,Boone County
71300,Boone County
56500,Marion County
72601,Boone County
155300,
155400,
155500,
86100,Hamilton County
87300,Hamilton County
78302,Hamilton County
86900,Hamilton County
79400,Hamilton County
80100,Hamilton County
78900,Hamilton County
85800,Hamilton County
78300,Hamilton County
80000,Hamilton County
80101,Hamilton County
77800,Hamilton County
78100,Hamilton County
80102,Hamilton County
82400,Hamilton County
87200,Hamilton County
93801,Hamilton County
93800,Hamilton County
93701,Hamilton County
91600,Hamilton County
81700,Hamilton County
91700,Hamilton County
77700,Hamilton County
84800,Hamilton County
82200,Hamilton County
82000,Hamilton County
83100,Hamilton County
82900,Hamilton County
91500,Hamilton County
82300,Hamilton County
80200,Hamilton County
82700,Hamilton County
85400,Hamilton County
82500,Hamilton County
85300,Hamilton County
83500,Hamilton County
85100,Hamilton County
81900,Hamilton County
83000,Hamilton County
91100,Hamilton County
91200,Hamilton County
91202,Hamilton County
91300,Hamilton County
94202,Hamilton County
94200,Hamilton County
80300,Hamilton County
79001,Hamilton County
91401,Hamilton County
79000,Hamilton County
82800,Hamilton County
78200,Hamilton County
83400,Hamilton County
84300,Hamilton County
83800,Hamilton County
83700,Hamilton County
84000,Hamilton County
78301,Hamilton County
78303,Hamilton County
84302,Hamilton County
84400,Hamilton County
84301,Hamilton County
84500,Hamilton County
83600,Hamilton County
84303,Hamilton County
83801,Hamilton County
82600,Hamilton County
78304,Hamilton County
83903,Hamilton County
83900,Hamilton County
84100,Hamilton County
79900,Hamilton County
84200,Hamilton County
79901,Hamilton County
79100,Hamilton County
79101,Hamilton County
79401,Hamilton County
80001,Hamilton County
84101,Hamilton County
78401,Hamilton County
85702,Hamilton County
78400,Hamilton County
85701,Hamilton County
78402,Hamilton County
85700,Hamilton County
79601,Hamilton County
81500,Hamilton County
79602,Hamilton County
79600,Hamilton County
83902,Hamilton County
80401,Hamilton County
80500,Hamilton County
79200,Hamilton County
80400,Hamilton County
80900,Hamilton County
80501,Hamilton County
81201,Hamilton County
79500,Hamilton County
83301,Hamilton County
83300,Hamilton County
94102,Hamilton County
81000,Hamilton County
81400,Hamilton County
78201,Hamilton County
81200,Hamilton County
79300,Hamilton County
94101,Hamilton County
80700,Hamilton County
81100,Hamilton County
94500,Hamilton County
80800,Hamilton County
81300,Hamilton County
78501,Hamilton County
85602,Hamilton County
85600,Hamilton County
85601,Hamilton County
94400,Hamilton County
66505,Marion County
94001,Hamilton County
93903,Hamilton County
94002,Hamilton County
60305,Marion County
61501,Marion County
57300,Marion County
57201,Marion County
61701,Marion County
61700,Marion County
61500,Marion County
60203,Marion County
58201,Marion County
58303,Marion County
57400,Marion County
57401,Marion County
59702,Marion County
56901,Marion County
56902,Marion County
61203,Marion County
60101,Marion County
58203,Marion County
60102,Marion County
58100,Marion County
58202,Marion County
58302,Marion County
66603,Marion County
66602,Marion County
66600,Marion County
61601,Marion County
61602,Marion County
66500,Marion County
94000,Hamilton County
93904,Hamilton County
66601,Marion County
93901,Hamilton County
58101,Marion County
58102,Marion County
58301,Marion County
66503,Marion County
61600,Marion County
94100,Hamilton County
94003,Hamilton County
93902,Hamilton County
93900,Hamilton County
66402,Marion County
58200,Marion County
66504,Marion County
66502,Marion County
78502,Hamilton County
66403,Marion County
66400,Marion County
80602,Hamilton County
66401,Marion County
66000,Marion County
58501,Marion County
66005,Marion County
57700,Marion County
66001,Marion County
66003,Marion County
65904,Marion County
58300,Marion County
61502,Marion County
59200,Marion County
59202,Marion County
66004,Marion County
66002,Marion County
59705,Marion County
56801,Marion County
57004,Marion County
60100,Marion County
94103,Hamilton County
66501,Marion County
78403,Hamilton County
81501,Hamilton County
80600,Hamilton County
84600,Hamilton County
84700,Hamilton County
85200,Hamilton County
85500,Hamilton County
66702,Marion County
93702,Hamilton County
93703,Hamilton County
93507,Hamilton County
93506,Hamilton County
66808,Marion County
66704,Marion County
66701,Marion County
66904,Marion County
62202,Marion County
66905,Marion County
66809,Marion County
93602,Hamilton County
66900,Marion County
66803,Marion County
93500,Hamilton County
66801,Marion County
66802,Marion County
93511,Hamilton County
66703,Marion County
66700,Marion County
62701,Marion County
66800,Marion County
63100,Marion County
66805,Marion County
66806,Marion County
61902,Marion County
63101,Marion County
62401,Marion County
66804,Marion County
1801,Marion County
63601,Marion County
78801,Hamilton County
93501,Hamilton County
85900,Hamilton County
85901,Hamilton County
85902,Hamilton County
86202,Hamilton County
86000,Hamilton County
86200,Hamilton County
86201,Hamilton County
86203,Hamilton County
86500,Hamilton County
87400,Hamilton County
87501,Hamilton County
87604,Hamilton County
77209,Hamilton County
86603,Hamilton County
87601,Hamilton County
87603,Hamilton County
86601,Hamilton County
88501,Hamilton County
76803,Hamilton County
157600,
77404,Hamilton County
155600,
107100,Hancock County
115800,Hancock County
118700,Shelby County
112100,Hancock County
112500,Hancock County
117800,Shelby County
118300,Shelby County
112000,Hancock County
120303,Shelby County
120301,Shelby County
120304,Shelby County
120302,Shelby County
119701,Shelby County
120401,Shelby County
155700,
158000,
155800,
119600,Shelby County
119604,Shelby County
120500,Shelby County
120300,Shelby County
119601,Shelby County
119602,Shelby County
119603,Shelby County
118601,Shelby County
119606,Shelby County
120400,Shelby County
120002,Shelby County
120003,Shelby County
120200,Shelby County
119605,Shelby County
113000,Hancock County
112800,Hancock County
112700,Hancock County
120801,Shelby County
108900,Hancock County
67301,Marion County
111700,Hancock County
111800,Hancock County
112900,Hancock County
158100,
155900,
156100,
158200,
156000,
94600,Madison County
99100,Madison County
99000,Madison County
99200,Madison County
103900,Madison County
92500,Hamilton County
94700,Madison County
94800,Madison County
106200,Madison County
106100,Madison County
106000,Madison County
105900,Madison County
105800,Madison County
105700,Madison County
94900,Madison County
105600,Madison County
103100,Madison County
102900,Madison County
102700,Madison County
102600,Madison County
95200,Madison County
102500,Madison County
99400,Madison County
103500,Madison County
104000,Madison County
96700,Madison County
90300,Hamilton County
92600,Hamilton County
104400,Madison County
104100,Madison County
90100,Hamilton County
89300,Hamilton County
104200,Madison County
98600,Madison County
97600,Madison County
98200,Madison County
97500,Madison County
91000,Hamilton County
98100,Madison County
89000,Hamilton County
90800,Hamilton County
90900,Hamilton County
95300,Madison County
95100,Madison County
95700,Madison County
90000,Hamilton County
89200,Hamilton County
89100,Hamilton County
95101,Madison County
95102,Madison County
101801,Madison County
95301,Madison County
101900,Madison County
101201,Madison County
101500,Madison County
101200,Madison County
100300,Madison County
101501,Madison County
102100,Madison County
101400,Madison County
100500,Madison County
102200,Madison County
101503,Madison County
102101,Madison County
100600,Madison County
101600,Madison County
102400,Madison County
105500,Madison County
101300,Madison County
102001,Madison County
102000,Madison County
96500,Madison County
102300,Madison County
96001,Madison County
96000,Madison County
96200,Madison County
96400,Madison County
95000,Madison County
90700,Hamilton County
95302,Madison County
100301,Madison County
101700,Madison County
100800,Madison County
100400,Madison County
95401,Madison County
97400,Madison County
96800,Madison County
101100,Madison County
95500,Madison County
99300,Madison County
96300,Madison County
95600,Madison County
95800,Madison County
95900,Madison County
102800,Madison County
103000,Madison County
97000,Madison County
95801,Madison County
96600,Madison County
97200,Madison County
96100,Madison County
99700,Madison County
99900,Madison County
99800,Madison County
99600,Madison County
96801,Madison County
101101,Madison County
96902,Madison County
156500,
97303,Madison County
98800,Madison County
95402,Madison County
98901,Madison County
97802,Madison County
97703,Madison County
98902,Madison County
98900,Madison County
97800,Madison County
97701,Madison County
98701,Madison County
97300,Madison County
96900,Madison County
97301,Madison County
98000,Madison County
96901,Madison County
97302,Madison County
104300,Madison County
98500,Madison County
104600,Madison County
98300,Madison County
89900,Hamilton County
104902,Madison County
104900,Madison County
93403,Hamilton County
93404,Hamilton County
116901,Hancock County
90500,Hamilton County
116702,Hancock County
105000,Madison County
97702,Madison County
98700,Madison County
156700,
156600,
99500,Madison County
157200,
101504,Madison County
101901,Madison County
101802,Madison County
101804,Madison County
101803,Madison County
101800,Madison County
101502,Madison County
102103,Madison County
102102,Madison County
156900,
157000,
157100,
156800,
158300,
103300,Madison County
103600,Madison County
103400,Madison County
103700,Madison County
103800,Madison County
157300,
157500,
157400,
156400,
156300,
156200,
